__VisualizationStyle; ;RadioButtonUnchecked;radiobuttonunchecked.png;
__VisualizationStyle; ;RadioButtonChecked;radiobuttonchecked.png;
__VisualizationStyle; ;CheckboxUnchecked;checkboxunchecked.png;
__VisualizationStyle; ;CheckboxChecked;checkboxchecked.png;
__VisualizationStyle; ;Element-Potentiometer-Potentiometer360-Yellow;element-potentiometer-potentiometer360-yellow.png;
__VisualizationStyle; ;Element-Potentiometer-Potentiometer360-Red;element-potentiometer-potentiometer360-red.png;
__VisualizationStyle; ;Element-Potentiometer-Potentiometer360-Green;element-potentiometer-potentiometer360-green.png;
__VisualizationStyle; ;Element-Potentiometer-Potentiometer360-Blue;element-potentiometer-potentiometer360-blue.png;
__VisualizationStyle; ;Element-Potentiometer-Potentiometer360-Gray;element-potentiometer-potentiometer360-gray.png;
__VisualizationStyle; ;Element-Meter-Meter360-Yellow;element-meter-meter360-yellow.png;
__VisualizationStyle; ;Element-Meter-Meter360-Red;element-meter-meter360-red.png;
__VisualizationStyle; ;Element-Meter-Meter360-Green;element-meter-meter360-green.png;
__VisualizationStyle; ;Element-Meter-Meter360-Blue;element-meter-meter360-blue.png;
__VisualizationStyle; ;Element-Meter-Meter360-Gray;element-meter-meter360-gray.png;
__VisualizationStyle; ;Element-Meter-Meter180-Yellow-Top;element-meter-meter180-yellow-top.png;
__VisualizationStyle; ;Element-Meter-Meter180-Yellow-Bottom;element-meter-meter180-yellow-bottom.png;
__VisualizationStyle; ;Element-Meter-Meter180-Yellow-Left;element-meter-meter180-yellow-left.png;
__VisualizationStyle; ;Element-Meter-Meter180-Yellow-Right;element-meter-meter180-yellow-right.png;
__VisualizationStyle; ;Element-Meter-Meter180-Red-Top;element-meter-meter180-red-top.png;
__VisualizationStyle; ;Element-Meter-Meter180-Red-Bottom;element-meter-meter180-red-bottom.png;
__VisualizationStyle; ;Element-Meter-Meter180-Red-Left;element-meter-meter180-red-left.png;
__VisualizationStyle; ;Element-Meter-Meter180-Red-Right;element-meter-meter180-red-right.png;
__VisualizationStyle; ;Element-Meter-Meter180-Green-Top;element-meter-meter180-green-top.png;
__VisualizationStyle; ;Element-Meter-Meter180-Green-Bottom;element-meter-meter180-green-bottom.png;
__VisualizationStyle; ;Element-Meter-Meter180-Green-Left;element-meter-meter180-green-left.png;
__VisualizationStyle; ;Element-Meter-Meter180-Green-Right;element-meter-meter180-green-right.png;
__VisualizationStyle; ;Element-Meter-Meter180-Blue-Top;element-meter-meter180-blue-top.png;
__VisualizationStyle; ;Element-Meter-Meter180-Blue-Bottom;element-meter-meter180-blue-bottom.png;
__VisualizationStyle; ;Element-Meter-Meter180-Blue-Left;element-meter-meter180-blue-left.png;
__VisualizationStyle; ;Element-Meter-Meter180-Blue-Right;element-meter-meter180-blue-right.png;
__VisualizationStyle; ;Element-Meter-Meter180-Gray-Top;element-meter-meter180-gray-top.png;
__VisualizationStyle; ;Element-Meter-Meter180-Gray-Bottom;element-meter-meter180-gray-bottom.png;
__VisualizationStyle; ;Element-Meter-Meter180-Gray-Left;element-meter-meter180-gray-left.png;
__VisualizationStyle; ;Element-Meter-Meter180-Gray-Right;element-meter-meter180-gray-right.png;
__VisualizationStyle; ;Element-Meter-Meter90-Yellow-TopRight;element-meter-meter90-yellow-topright.png;
__VisualizationStyle; ;Element-Meter-Meter90-Yellow-TopLeft;element-meter-meter90-yellow-topleft.png;
__VisualizationStyle; ;Element-Meter-Meter90-Yellow-BottomLeft;element-meter-meter90-yellow-bottomleft.png;
__VisualizationStyle; ;Element-Meter-Meter90-Yellow-BottomRight;element-meter-meter90-yellow-bottomright.png;
__VisualizationStyle; ;Element-Meter-Meter90-Red-TopRight;element-meter-meter90-red-topright.png;
__VisualizationStyle; ;Element-Meter-Meter90-Red-TopLeft;element-meter-meter90-red-topleft.png;
__VisualizationStyle; ;Element-Meter-Meter90-Red-BottomLeft;element-meter-meter90-red-bottomleft.png;
__VisualizationStyle; ;Element-Meter-Meter90-Red-BottomRight;element-meter-meter90-red-bottomright.png;
__VisualizationStyle; ;Element-Meter-Meter90-Green-TopRight;element-meter-meter90-green-topright.png;
__VisualizationStyle; ;Element-Meter-Meter90-Green-TopLeft;element-meter-meter90-green-topleft.png;
__VisualizationStyle; ;Element-Meter-Meter90-Green-BottomLeft;element-meter-meter90-green-bottomleft.png;
__VisualizationStyle; ;Element-Meter-Meter90-Green-BottomRight;element-meter-meter90-green-bottomright.png;
__VisualizationStyle; ;Element-Meter-Meter90-Blue-TopRight;element-meter-meter90-blue-topright.png;
__VisualizationStyle; ;Element-Meter-Meter90-Blue-TopLeft;element-meter-meter90-blue-topleft.png;
__VisualizationStyle; ;Element-Meter-Meter90-Blue-BottomLeft;element-meter-meter90-blue-bottomleft.png;
__VisualizationStyle; ;Element-Meter-Meter90-Blue-BottomRight;element-meter-meter90-blue-bottomright.png;
__VisualizationStyle; ;Element-Meter-Meter90-Gray-TopRight;element-meter-meter90-gray-topright.png;
__VisualizationStyle; ;Element-Meter-Meter90-Gray-TopLeft;element-meter-meter90-gray-topleft.png;
__VisualizationStyle; ;Element-Meter-Meter90-Gray-BottomLeft;element-meter-meter90-gray-bottomleft.png;
__VisualizationStyle; ;Element-Meter-Meter90-Gray-BottomRight;element-meter-meter90-gray-bottomright.png;
__VisualizationStyle; ;Element-Switch-DipSwitch-Blue-Off;element-switch-dipswitch-blue-off.png;
__VisualizationStyle; ;Element-Switch-DipSwitch-Blue-On;element-switch-dipswitch-blue-on.png;
__VisualizationStyle; ;Element-Switch-DipSwitch-Green-Off;element-switch-dipswitch-green-off.png;
__VisualizationStyle; ;Element-Switch-DipSwitch-Green-On;element-switch-dipswitch-green-on.png;
__VisualizationStyle; ;Element-Switch-DipSwitch-Red-Off;element-switch-dipswitch-red-off.png;
__VisualizationStyle; ;Element-Switch-DipSwitch-Red-On;element-switch-dipswitch-red-on.png;
__VisualizationStyle; ;Element-Switch-DipSwitch-Yellow-Off;element-switch-dipswitch-yellow-off.png;
__VisualizationStyle; ;Element-Switch-DipSwitch-Yellow-On;element-switch-dipswitch-yellow-on.png;
__VisualizationStyle; ;Element-Switch-DipSwitch-Gray-Off;element-switch-dipswitch-gray-off.png;
__VisualizationStyle; ;Element-Switch-DipSwitch-Gray-On;element-switch-dipswitch-gray-on.png;
__VisualizationStyle; ;Element-Switch-RockerSwitch-Blue-Off;element-switch-rockerswitch-blue-off.png;
__VisualizationStyle; ;Element-Switch-RockerSwitch-Blue-On;element-switch-rockerswitch-blue-on.png;
__VisualizationStyle; ;Element-Switch-RockerSwitch-Green-Off;element-switch-rockerswitch-green-off.png;
__VisualizationStyle; ;Element-Switch-RockerSwitch-Green-On;element-switch-rockerswitch-green-on.png;
__VisualizationStyle; ;Element-Switch-RockerSwitch-Red-Off;element-switch-rockerswitch-red-off.png;
__VisualizationStyle; ;Element-Switch-RockerSwitch-Red-On;element-switch-rockerswitch-red-on.png;
__VisualizationStyle; ;Element-Switch-RockerSwitch-Yellow-Off;element-switch-rockerswitch-yellow-off.png;
__VisualizationStyle; ;Element-Switch-RockerSwitch-Yellow-On;element-switch-rockerswitch-yellow-on.png;
__VisualizationStyle; ;Element-Switch-RockerSwitch-Gray-Off;element-switch-rockerswitch-gray-off.png;
__VisualizationStyle; ;Element-Switch-RockerSwitch-Gray-On;element-switch-rockerswitch-gray-on.png;
__VisualizationStyle; ;Element-Switch-PowerSwitch-Blue-Off;element-switch-powerswitch-blue-off.png;
__VisualizationStyle; ;Element-Switch-PowerSwitch-Blue-On;element-switch-powerswitch-blue-on.png;
__VisualizationStyle; ;Element-Switch-PowerSwitch-Blue-Pushed;element-switch-powerswitch-blue-pushed.png;
__VisualizationStyle; ;Element-Switch-PowerSwitch-Green-Off;element-switch-powerswitch-green-off.png;
__VisualizationStyle; ;Element-Switch-PowerSwitch-Green-On;element-switch-powerswitch-green-on.png;
__VisualizationStyle; ;Element-Switch-PowerSwitch-Green-Pushed;element-switch-powerswitch-green-pushed.png;
__VisualizationStyle; ;Element-Switch-PowerSwitch-Red-Off;element-switch-powerswitch-red-off.png;
__VisualizationStyle; ;Element-Switch-PowerSwitch-Red-On;element-switch-powerswitch-red-on.png;
__VisualizationStyle; ;Element-Switch-PowerSwitch-Red-Pushed;element-switch-powerswitch-red-pushed.png;
__VisualizationStyle; ;Element-Switch-PowerSwitch-Yellow-Off;element-switch-powerswitch-yellow-off.png;
__VisualizationStyle; ;Element-Switch-PowerSwitch-Yellow-On;element-switch-powerswitch-yellow-on.png;
__VisualizationStyle; ;Element-Switch-PowerSwitch-Yellow-Pushed;element-switch-powerswitch-yellow-pushed.png;
__VisualizationStyle; ;Element-Switch-PowerSwitch-Gray-Off;element-switch-powerswitch-gray-off.png;
__VisualizationStyle; ;Element-Switch-PowerSwitch-Gray-On;element-switch-powerswitch-gray-on.png;
__VisualizationStyle; ;Element-Switch-PowerSwitch-Gray-Pushed;element-switch-powerswitch-gray-pushed.png;
__VisualizationStyle; ;Element-Switch-PushSwitch-Blue-Off;element-switch-pushswitch-blue-off.png;
__VisualizationStyle; ;Element-Switch-PushSwitch-Blue-On;element-switch-pushswitch-blue-on.png;
__VisualizationStyle; ;Element-Switch-PushSwitch-Blue-Pushed;element-switch-pushswitch-blue-pushed.png;
__VisualizationStyle; ;Element-Switch-PushSwitch-Green-Off;element-switch-pushswitch-green-off.png;
__VisualizationStyle; ;Element-Switch-PushSwitch-Green-On;element-switch-pushswitch-green-on.png;
__VisualizationStyle; ;Element-Switch-PushSwitch-Green-Pushed;element-switch-pushswitch-green-pushed.png;
__VisualizationStyle; ;Element-Switch-PushSwitch-Red-Off;element-switch-pushswitch-red-off.png;
__VisualizationStyle; ;Element-Switch-PushSwitch-Red-On;element-switch-pushswitch-red-on.png;
__VisualizationStyle; ;Element-Switch-PushSwitch-Red-Pushed;element-switch-pushswitch-red-pushed.png;
__VisualizationStyle; ;Element-Switch-PushSwitch-Yellow-Off;element-switch-pushswitch-yellow-off.png;
__VisualizationStyle; ;Element-Switch-PushSwitch-Yellow-On;element-switch-pushswitch-yellow-on.png;
__VisualizationStyle; ;Element-Switch-PushSwitch-Yellow-Pushed;element-switch-pushswitch-yellow-pushed.png;
__VisualizationStyle; ;Element-Switch-PushSwitch-Gray-Off;element-switch-pushswitch-gray-off.png;
__VisualizationStyle; ;Element-Switch-PushSwitch-Gray-On;element-switch-pushswitch-gray-on.png;
__VisualizationStyle; ;Element-Switch-PushSwitch-Gray-Pushed;element-switch-pushswitch-gray-pushed.png;
__VisualizationStyle; ;Element-Switch-PushSwitchLed-Blue-Off;element-switch-pushswitchled-blue-off.png;
__VisualizationStyle; ;Element-Switch-PushSwitchLed-Blue-On;element-switch-pushswitchled-blue-on.png;
__VisualizationStyle; ;Element-Switch-PushSwitchLed-Blue-Pushed;element-switch-pushswitchled-blue-pushed.png;
__VisualizationStyle; ;Element-Switch-PushSwitchLed-Green-Off;element-switch-pushswitchled-green-off.png;
__VisualizationStyle; ;Element-Switch-PushSwitchLed-Green-On;element-switch-pushswitchled-green-on.png;
__VisualizationStyle; ;Element-Switch-PushSwitchLed-Green-Pushed;element-switch-pushswitchled-green-pushed.png;
__VisualizationStyle; ;Element-Switch-PushSwitchLed-Red-Off;element-switch-pushswitchled-red-off.png;
__VisualizationStyle; ;Element-Switch-PushSwitchLed-Red-On;element-switch-pushswitchled-red-on.png;
__VisualizationStyle; ;Element-Switch-PushSwitchLed-Red-Pushed;element-switch-pushswitchled-red-pushed.png;
__VisualizationStyle; ;Element-Switch-PushSwitchLed-Yellow-Off;element-switch-pushswitchled-yellow-off.png;
__VisualizationStyle; ;Element-Switch-PushSwitchLed-Yellow-On;element-switch-pushswitchled-yellow-on.png;
__VisualizationStyle; ;Element-Switch-PushSwitchLed-Yellow-Pushed;element-switch-pushswitchled-yellow-pushed.png;
__VisualizationStyle; ;Element-Switch-PushSwitchLed-Gray-Off;element-switch-pushswitchled-gray-off.png;
__VisualizationStyle; ;Element-Switch-PushSwitchLed-Gray-On;element-switch-pushswitchled-gray-on.png;
__VisualizationStyle; ;Element-Switch-PushSwitchLed-Gray-Pushed;element-switch-pushswitchled-gray-pushed.png;
__VisualizationStyle; ;Element-Switch-RotarySwitch-Blue-Left;element-switch-rotaryswitch-blue-left.png;
__VisualizationStyle; ;Element-Switch-RotarySwitch-Blue-RightUp;element-switch-rotaryswitch-blue-rightup.png;
__VisualizationStyle; ;Element-Switch-RotarySwitch-Blue-Down;element-switch-rotaryswitch-blue-down.png;
__VisualizationStyle; ;Element-Switch-RotarySwitch-Blue-RUp-ColorOff;element-switch-rotaryswitch-blue-rup-coloroff.png;
__VisualizationStyle; ;Element-Switch-RotarySwitch-Green-Left;element-switch-rotaryswitch-green-left.png;
__VisualizationStyle; ;Element-Switch-RotarySwitch-Green-RightUp;element-switch-rotaryswitch-green-rightup.png;
__VisualizationStyle; ;Element-Switch-RotarySwitch-Green-Down;element-switch-rotaryswitch-green-down.png;
__VisualizationStyle; ;Element-Switch-RotarySwitch-Green-RUp-ColorOff;element-switch-rotaryswitch-green-rup-coloroff.png;
__VisualizationStyle; ;Element-Switch-RotarySwitch-Red-Left;element-switch-rotaryswitch-red-left.png;
__VisualizationStyle; ;Element-Switch-RotarySwitch-Red-RightUp;element-switch-rotaryswitch-red-rightup.png;
__VisualizationStyle; ;Element-Switch-RotarySwitch-Red-Down;element-switch-rotaryswitch-red-down.png;
__VisualizationStyle; ;Element-Switch-RotarySwitch-Red-RUp-ColorOff;element-switch-rotaryswitch-red-rup-coloroff.png;
__VisualizationStyle; ;Element-Switch-RotarySwitch-Yellow-Left;element-switch-rotaryswitch-yellow-left.png;
__VisualizationStyle; ;Element-Switch-RotarySwitch-Yellow-RightUp;element-switch-rotaryswitch-yellow-rightup.png;
__VisualizationStyle; ;Element-Switch-RotarySwitch-Yellow-Down;element-switch-rotaryswitch-yellow-down.png;
__VisualizationStyle; ;Element-Switch-RotarySwitch-Yellow-RUp-ColorOff;element-switch-rotaryswitch-yellow-rup-coloroff.png;
__VisualizationStyle; ;Element-Clock-Blue;element-clock-blue.png;
__VisualizationStyle; ;Element-Clock-Gray;element-clock-gray.png;
__VisualizationStyle; ;Element-Clock-Green;element-clock-green.png;
__VisualizationStyle; ;Element-Clock-Red;element-clock-red.png;
__VisualizationStyle; ;Element-Clock-Yellow;element-clock-yellow.png;
__VisualizationStyle; ;Element-Switch-RotarySwitch-Gray-Left;element-switch-rotaryswitch-gray-left.png;
__VisualizationStyle; ;Element-Switch-RotarySwitch-Gray-RightUp;element-switch-rotaryswitch-gray-rightup.png;
__VisualizationStyle; ;Element-Switch-RotarySwitch-Gray-Down;element-switch-rotaryswitch-gray-down.png;
__VisualizationStyle; ;Element-Switch-RotarySwitch-Gray-RUp-ColorOff;element-switch-rotaryswitch-gray-rup-coloroff.png;
__VisualizationStyle; ;Element-Lamp-Lamp1-Blue-Off;element-lamp-lamp1-blue-off.png;
__VisualizationStyle; ;Element-Lamp-Lamp1-Blue-On;element-lamp-lamp1-blue-on.png;
__VisualizationStyle; ;Element-Lamp-Lamp1-Green-Off;element-lamp-lamp1-green-off.png;
__VisualizationStyle; ;Element-Lamp-Lamp1-Green-On;element-lamp-lamp1-green-on.png;
__VisualizationStyle; ;Element-Lamp-Lamp1-Red-Off;element-lamp-lamp1-red-off.png;
__VisualizationStyle; ;Element-Lamp-Lamp1-Red-On;element-lamp-lamp1-red-on.png;
__VisualizationStyle; ;Element-Lamp-Lamp1-Yellow-Off;element-lamp-lamp1-yellow-off.png;
__VisualizationStyle; ;Element-Lamp-Lamp1-Yellow-On;element-lamp-lamp1-yellow-on.png;
__VisualizationStyle; ;Element-Lamp-Lamp1-Gray-Off;element-lamp-lamp1-gray-off.png;
__VisualizationStyle; ;Element-Lamp-Lamp1-Gray-On;element-lamp-lamp1-gray-on.png;
__VisualizationStyle; ;CheckboxBlue;checkboxblue.png;
__VisualizationStyle; ;CheckboxGray;checkboxgray.png;
__VisualizationStyle; ;CheckboxGreen;checkboxgreen.png;
__VisualizationStyle; ;CheckboxRed;checkboxred.png;
__VisualizationStyle; ;CheckboxYellow;checkboxyellow.png;
__VisualizationStyle; ;RadioButtonBlue;radiobuttonblue.png;
__VisualizationStyle; ;RadioButtonGray;radiobuttongray.png;
__VisualizationStyle; ;RadioButtonGreen;radiobuttongreen.png;
__VisualizationStyle; ;RadioButtonRed;radiobuttonred.png;
__VisualizationStyle; ;RadioButtonYellow;radiobuttonyellow.png;
ImagePool; ;CASE_Logo;case logo.png;
IP_ElementImages;VisuElems;RoundRectangle;roundrectangle.png;
IP_ElementImages;VisuElems;Ellipse;ellipse.png;
IP_ElementImages;VisuElems;Polygon;polygon.png;
IP_ElementImages;VisuElems;Polyline;polyline.png;
IP_ElementImages;VisuElems;BezierCurve;b√©ziercurve.png;
IP_ElementImages;VisuElems;Button;button.png;
IP_ElementImages;VisuElems;Image;image.png;
IP_ElementImages;VisuElems;Line;line.png;
IP_ElementImages;VisuElems;Pie;pie.png;
IP_ElementImages;VisuElems;Frame;frame.png;
IP_ElementImages;VisuElems;Groupbox;groupbox.png;
IP_ElementImages;VisuElems;TabControl;tabcontrol.png;
IP_ElementImages;VisuElems;Rectangle;rectangle.png;
IP_ElementImages;VisuElemMeter;Histogram;histogram.png;
IP_ElementImages;VisuElemsSpecialControls;ImageSwitcher;imageswitcher.png;
IP_ElementImages;VisuElemsSpecialControls;WaitingSymbolCube;waitingcube.png;
IP_ElementImages;VisuElemsSpecialControls;WaitingSymbolFlower;waitingflower.png;
IP_ElementImages;VisuElemsWinControls;Checkbox;checkbox.png;
IP_ElementImages;VisuElemsWinControls;ComboBoxInteger;combobox.png;
IP_ElementImages;VisuElemsWinControls;ComboBoxArray;comboboxarray.png;
IP_ElementImages;VisuElemsWinControls;InvisibleInput;invisibleinput.png;
IP_ElementImages;VisuElemsWinControls;Label;label.png;
IP_ElementImages;VisuElemsWinControls;ProgressBar;progressbar.png;
IP_ElementImages;VisuElemsWinControls;RadioButton;radiobutton.png;
IP_ElementImages;VisuElemsWinControls;Scrollbar;scrollbar.png;
IP_ElementImages;VisuElemsWinControls;Slider;slider.png;
IP_ElementImages;VisuElemsWinControls;SpinControl;spincontrol.png;
IP_ElementImages;VisuElemsWinControls;Table;table.png;
IP_ElementImages;VisuElemsWinControls;TextField;textfield.png;
IP_ElementImages;VisuElemTextEditor;TextEditor;texteditor.png;
IP_ElementImages;VisuElemTrace;RuntimeTrace;trace.png;
IP_ElementImages;VisuElemTrace;Trend;trend.png;
IP_ElementImages;VisuElemTrace;LegendDisplayer;legend.png;
IP_Offline;VisuNativeControl;Browser;browsercontrol_128px.bmp;
IP_ElementImages;VisuNativeControl;NativeControl;activex.png;
IP_ElementImages;VisuNativeControl;BrowserControl;webbrowser.png;
IP_ElementImages;VisuElemsAlarm;AlarmBanner;alarmbanner.png;
IP_ElementImages;VisuElemsAlarm;AlarmTable;alarmtable.png;
IP_ElementImages;VisuElemCamDisplayer;CamDisplayer;camdisplayer.png;
ImagePool_3DPath;VisuElem3DPath;ControlPanel;navigationspanel_ohnerand.png;
IP_ElementImages;VisuElem3DPath;3DPath;3dpath.png;
IP_ElementImages;VisuElemsDateTime;DateRangeSelector;daterange.png;
IP_ElementImages;VisuElemsDateTime;TimeSelector;timeselector.png;
IP_ElementImages;VisuElemsDateTime;AnalogClock;uhr.png;
IP_ElementImages;VisuElemsDateTime;Calendar;kalender.png;
IP_ElementImages;VisuElemsDateTime;DateTimePicker;kalenderday.png;
IP_ElementImages;VisuElemXYChart;XYChart;xychart.png;
ImagePool_sm3;SM3_Basic;logo;logo.bmp;
ImagePool_sm3;SM3_Basic;plc-mc-logo;plc-mc-logo.bmp;
ImagePoolDialogs;VisuDialogs;Login;login.bmp;
ImagePoolDialogs;VisuDialogs;Title;title.bmp;
ImagePoolDialogs;VisuDialogs;Title2;title2.bmp;
ImagePoolDialogs;VisuDialogs;File;file.bmp;
ImagePoolDialogs;VisuDialogs;FileOpen;fileopen.bmp;
ImagePoolDialogs;VisuDialogs;DirNew;dirnew.bmp;
ImagePoolDialogs;VisuDialogs;DirUp;dirup.bmp;
ImagePoolDialogs;VisuDialogs;Txt;textdocument.bmp;
ImagePoolDialogs;VisuDialogs;Dir;folder.bmp;
ImagePoolDialogs;VisuDialogs;Delete;delete.bmp;
IP_VUM;VisuUserManagement;NewImage;newimage.bmp;
IP_VUM;VisuUserManagement;title;title.bmp;
IP_VUM;VisuUserManagement;RemoveImage;removeimage.bmp;
ImagePool_cnc_sm3;SM3_CNC;logo;logo.bmp;
ImagePool_cnc_sm3;SM3_CNC;plc-mc-logo;plc-mc-logo.bmp;
